--
-- PostgreSQL database dump
--

-- Dumped from database version 16.1
-- Dumped by pg_dump version 16.1

SET statement_timeout = 0;
SET lock_timeout = 0;
SET idle_in_transaction_session_timeout = 0;
SET client_encoding = 'UTF8';
SET standard_conforming_strings = on;
SELECT pg_catalog.set_config('search_path', '', false);
SET check_function_bodies = false;
SET xmloption = content;
SET client_min_messages = warning;
SET row_security = off;

SET default_tablespace = '';

SET default_table_access_method = heap;

--
-- Name: API_courses; Type: TABLE; Schema: public; Owner: postgres
--




ALTER TABLE public."API_courses" OWNER TO postgres;

--
-- Name: API_courses_id_seq; Type: SEQUENCE; Schema: public; Owner: postgres
--

ALTER TABLE public."API_courses" ALTER COLUMN id ADD GENERATED BY DEFAULT AS IDENTITY (
    SEQUENCE NAME public."API_courses_id_seq"
    START WITH 1
    INCREMENT BY 1
    NO MINVALUE
    NO MAXVALUE
    CACHE 1
);


--
-- Name: API_instructors; Type: TABLE; Schema: public; Owner: postgres
--



ALTER TABLE public."API_instructors" OWNER TO postgres;

--
-- Name: API_instructors_courses_taught; Type: TABLE; Schema: public; Owner: postgres
--



ALTER TABLE public."API_instructors_courses_taught" OWNER TO postgres;

--
-- Name: API_instructors_courses_taught_id_seq; Type: SEQUENCE; Schema: public; Owner: postgres
--

ALTER TABLE public."API_instructors_courses_taught" ALTER COLUMN id ADD GENERATED BY DEFAULT AS IDENTITY (
    SEQUENCE NAME public."API_instructors_courses_taught_id_seq"
    START WITH 1
    INCREMENT BY 1
    NO MINVALUE
    NO MAXVALUE
    CACHE 1
);


--
-- Name: API_instructors_id_seq; Type: SEQUENCE; Schema: public; Owner: postgres
--

ALTER TABLE public."API_instructors" ALTER COLUMN id ADD GENERATED BY DEFAULT AS IDENTITY (
    SEQUENCE NAME public."API_instructors_id_seq"
    START WITH 1
    INCREMENT BY 1
    NO MINVALUE
    NO MAXVALUE
    CACHE 1
);


--
-- Name: API_students; Type: TABLE; Schema: public; Owner: postgres
--


ALTER TABLE public."API_students" OWNER TO postgres;

--
-- Name: API_students_courses_enrolled; Type: TABLE; Schema: public; Owner: postgres
--

CREATE TABLE public."API_students_courses_enrolled" (
    id bigint NOT NULL,
    students_id bigint NOT NULL,
    courses_id bigint NOT NULL
);


ALTER TABLE public."API_students_courses_enrolled" OWNER TO postgres;

--
-- Name: API_students_courses_enrolled_id_seq; Type: SEQUENCE; Schema: public; Owner: postgres
--

ALTER TABLE public."API_students_courses_enrolled" ALTER COLUMN id ADD GENERATED BY DEFAULT AS IDENTITY (
    SEQUENCE NAME public."API_students_courses_enrolled_id_seq"
    START WITH 1
    INCREMENT BY 1
    NO MINVALUE
    NO MAXVALUE
    CACHE 1
);


--
-- Name: API_students_id_seq; Type: SEQUENCE; Schema: public; Owner: postgres
--

ALTER TABLE public."API_students" ALTER COLUMN id ADD GENERATED BY DEFAULT AS IDENTITY (
    SEQUENCE NAME public."API_students_id_seq"
    START WITH 1
    INCREMENT BY 1
    NO MINVALUE
    NO MAXVALUE
    CACHE 1
);


--
-- Name: auth_group; Type: TABLE; Schema: public; Owner: postgres
--

CREATE TABLE public.auth_group (
    id integer NOT NULL,
    name character varying(150) NOT NULL
);


ALTER TABLE public.auth_group OWNER TO postgres;

--
-- Name: auth_group_id_seq; Type: SEQUENCE; Schema: public; Owner: postgres
--

ALTER TABLE public.auth_group ALTER COLUMN id ADD GENERATED BY DEFAULT AS IDENTITY (
    SEQUENCE NAME public.auth_group_id_seq
    START WITH 1
    INCREMENT BY 1
    NO MINVALUE
    NO MAXVALUE
    CACHE 1
);


--
-- Name: auth_group_permissions; Type: TABLE; Schema: public; Owner: postgres
--

CREATE TABLE public.auth_group_permissions (
    id bigint NOT NULL,
    group_id integer NOT NULL,
    permission_id integer NOT NULL
);


ALTER TABLE public.auth_group_permissions OWNER TO postgres;

--
-- Name: auth_group_permissions_id_seq; Type: SEQUENCE; Schema: public; Owner: postgres
--

ALTER TABLE public.auth_group_permissions ALTER COLUMN id ADD GENERATED BY DEFAULT AS IDENTITY (
    SEQUENCE NAME public.auth_group_permissions_id_seq
    START WITH 1
    INCREMENT BY 1
    NO MINVALUE
    NO MAXVALUE
    CACHE 1
);


--
-- Name: auth_permission; Type: TABLE; Schema: public; Owner: postgres
--

CREATE TABLE public.auth_permission (
    id integer NOT NULL,
    name character varying(255) NOT NULL,
    content_type_id integer NOT NULL,
    codename character varying(100) NOT NULL
);


ALTER TABLE public.auth_permission OWNER TO postgres;

--
-- Name: auth_permission_id_seq; Type: SEQUENCE; Schema: public; Owner: postgres
--

ALTER TABLE public.auth_permission ALTER COLUMN id ADD GENERATED BY DEFAULT AS IDENTITY (
    SEQUENCE NAME public.auth_permission_id_seq
    START WITH 1
    INCREMENT BY 1
    NO MINVALUE
    NO MAXVALUE
    CACHE 1
);


--
-- Name: auth_user; Type: TABLE; Schema: public; Owner: postgres
--

CREATE TABLE public.auth_user (
    id integer NOT NULL,
    password character varying(128) NOT NULL,
    last_login timestamp with time zone,
    is_superuser boolean NOT NULL,
    username character varying(150) NOT NULL,
    first_name character varying(150) NOT NULL,
    last_name character varying(150) NOT NULL,
    email character varying(254) NOT NULL,
    is_staff boolean NOT NULL,
    is_active boolean NOT NULL,
    date_joined timestamp with time zone NOT NULL
);


ALTER TABLE public.auth_user OWNER TO postgres;

--
-- Name: auth_user_groups; Type: TABLE; Schema: public; Owner: postgres
--

CREATE TABLE public.auth_user_groups (
    id bigint NOT NULL,
    user_id integer NOT NULL,
    group_id integer NOT NULL
);


ALTER TABLE public.auth_user_groups OWNER TO postgres;

--
-- Name: auth_user_groups_id_seq; Type: SEQUENCE; Schema: public; Owner: postgres
--

ALTER TABLE public.auth_user_groups ALTER COLUMN id ADD GENERATED BY DEFAULT AS IDENTITY (
    SEQUENCE NAME public.auth_user_groups_id_seq
    START WITH 1
    INCREMENT BY 1
    NO MINVALUE
    NO MAXVALUE
    CACHE 1
);


--
-- Name: auth_user_id_seq; Type: SEQUENCE; Schema: public; Owner: postgres
--

ALTER TABLE public.auth_user ALTER COLUMN id ADD GENERATED BY DEFAULT AS IDENTITY (
    SEQUENCE NAME public.auth_user_id_seq
    START WITH 1
    INCREMENT BY 1
    NO MINVALUE
    NO MAXVALUE
    CACHE 1
);


--
-- Name: auth_user_user_permissions; Type: TABLE; Schema: public; Owner: postgres
--

CREATE TABLE public.auth_user_user_permissions (
    id bigint NOT NULL,
    user_id integer NOT NULL,
    permission_id integer NOT NULL
);


ALTER TABLE public.auth_user_user_permissions OWNER TO postgres;

--
-- Name: auth_user_user_permissions_id_seq; Type: SEQUENCE; Schema: public; Owner: postgres
--

ALTER TABLE public.auth_user_user_permissions ALTER COLUMN id ADD GENERATED BY DEFAULT AS IDENTITY (
    SEQUENCE NAME public.auth_user_user_permissions_id_seq
    START WITH 1
    INCREMENT BY 1
    NO MINVALUE
    NO MAXVALUE
    CACHE 1
);


--
-- Name: django_admin_log; Type: TABLE; Schema: public; Owner: postgres
--

CREATE TABLE public.django_admin_log (
    id integer NOT NULL,
    action_time timestamp with time zone NOT NULL,
    object_id text,
    object_repr character varying(200) NOT NULL,
    action_flag smallint NOT NULL,
    change_message text NOT NULL,
    content_type_id integer,
    user_id integer NOT NULL,
    CONSTRAINT django_admin_log_action_flag_check CHECK ((action_flag >= 0))
);


ALTER TABLE public.django_admin_log OWNER TO postgres;

--
-- Name: django_admin_log_id_seq; Type: SEQUENCE; Schema: public; Owner: postgres
--

ALTER TABLE public.django_admin_log ALTER COLUMN id ADD GENERATED BY DEFAULT AS IDENTITY (
    SEQUENCE NAME public.django_admin_log_id_seq
    START WITH 1
    INCREMENT BY 1
    NO MINVALUE
    NO MAXVALUE
    CACHE 1
);


--
-- Name: django_content_type; Type: TABLE; Schema: public; Owner: postgres
--

CREATE TABLE public.django_content_type (
    id integer NOT NULL,
    app_label character varying(100) NOT NULL,
    model character varying(100) NOT NULL
);


ALTER TABLE public.django_content_type OWNER TO postgres;

--
-- Name: django_content_type_id_seq; Type: SEQUENCE; Schema: public; Owner: postgres
--

ALTER TABLE public.django_content_type ALTER COLUMN id ADD GENERATED BY DEFAULT AS IDENTITY (
    SEQUENCE NAME public.django_content_type_id_seq
    START WITH 1
    INCREMENT BY 1
    NO MINVALUE
    NO MAXVALUE
    CACHE 1
);


--
-- Name: django_migrations; Type: TABLE; Schema: public; Owner: postgres
--

CREATE TABLE public.django_migrations (
    id bigint NOT NULL,
    app character varying(255) NOT NULL,
    name character varying(255) NOT NULL,
    applied timestamp with time zone NOT NULL
);


ALTER TABLE public.django_migrations OWNER TO postgres;

--
-- Name: django_migrations_id_seq; Type: SEQUENCE; Schema: public; Owner: postgres
--

ALTER TABLE public.django_migrations ALTER COLUMN id ADD GENERATED BY DEFAULT AS IDENTITY (
    SEQUENCE NAME public.django_migrations_id_seq
    START WITH 1
    INCREMENT BY 1
    NO MINVALUE
    NO MAXVALUE
    CACHE 1
);


--
-- Name: django_session; Type: TABLE; Schema: public; Owner: postgres
--

CREATE TABLE public.django_session (
    session_key character varying(40) NOT NULL,
    session_data text NOT NULL,
    expire_date timestamp with time zone NOT NULL
);


ALTER TABLE public.django_session OWNER TO postgres;

--
-- Data for Name: API_courses; Type: TABLE DATA; Schema: public; Owner: postgres
--

COPY public."API_courses" (id, title, description, pre_video_content, course_content, marketing_content, created_at, last_modified_at, course_type, certification_avaliable, fees, plan_type, course_video, instructor_id) FROM stdin;
3	test-three	test-three's description	no pre video content	no course_content	no marketing content	2024-01-31	2024-01-31	course type three	t	10,000	plan type three		
4	test-threedsa	test-three's description	no pre video content	no course_content	no marketing content	2024-01-31	2024-01-31	course type three	t	10,000	plan type three		
2	test-two-plus-two-plus-o	test-two's description	no pre video content	no course_content	no marketing content	2024-01-31	2024-01-31	course type two	t	10,000	plan type two		
5	test-one	test-one's description	no pre video content	no course_content	no marketing content	2024-01-31	2024-01-31	course type one	t	10,000	plan type one		
6	test-threfdhsjkfsdje	test-three's description	no pre video content	no course_content	no marketing content	2024-01-31	2024-01-31	course type three	t	10,000	plan type three		
14	test-threfdhsjkfsdjeewww	test-three's description	no pre video content	no course_content	no marketing content	2024-01-31	2024-01-31	course type three	t	10,000	plan type three		5
15	test-two	test-two's description	no pre video content	no course_content	no marketing content	2024-01-31	2024-01-31	course type two	t	10,000	plan type two		
\.


--
-- Data for Name: API_instructors; Type: TABLE DATA; Schema: public; Owner: postgres
--

COPY public."API_instructors" (id, name, email, phone, country, address, zipcode, password, profile_image, total_reviews) FROM stdin;
2	Amitabbbh	amitabh@gmail.com	52342	india	testing address	43223	amitabhpassword	https://www.example.com	15
4	dsad324	ndklasd@gmail.com	785964645	Infisd	fsdfhjksdfhsd	fds	432fsd	http://www.exa.com	32
13	Amitabh23	enfmsd@gmail.com					pbkdf2_sha256$720000$T2Pum6Oej7XdCYjTJ5OIXg$783nDggm6yxS9lx5Ht5ndh8Q3hnW8OCZVtFan7w7aWU=		
14	instructor-one	instructor@gmail.com	52342234	india	testing address	43223	pbkdf2_sha256$720000$ddfVqhiR8lNDMLSDtQX8ka$aFi6o+5BI4untnuWTG9UWHFnH8dSKlWuS/lfxglpAso=	https://www.example.com	15
\.


--
-- Data for Name: API_instructors_courses_taught; Type: TABLE DATA; Schema: public; Owner: postgres
--

COPY public."API_instructors_courses_taught" (id, instructors_id, courses_id) FROM stdin;
3	2	4
7	4	2
8	4	3
9	4	4
10	14	4
11	14	5
\.


--
-- Data for Name: API_students; Type: TABLE DATA; Schema: public; Owner: postgres
--

COPY public."API_students" (id, name, email, phone, password, "profileImage", billinginfo, subscription, fees_amount_paid, payment_method, wishlist) FROM stdin;
1	nikunj	nikunj@emai.com	4352342	dsaerw3	https://www.example.com	dsaewq	one year	32421	world-line	{"wish 1","wish 2"}
2	arham	nikunj@emai.com	4352342	<function make_password at 0x000001DFADA2B130>	https://www.example.com	dsaewq	one year	32421	world-line	{"wish 1","wish 2"}
3	ayan	nikunj@emai.com	4352342	pbkdf2_sha256$720000$CNkjUBe9fRd4OISVtgPW20$s9X1svNoLjBkeFod9VeJmTpKsIPZ4XmGN2yODQjmGT4=	https://www.example.com	dsaewq	one year	32421	world-line	{"wish 1","wish 2"}
6	user-one	user@gmail.com	4352344322	user-one	https://www.example.com	dsaewq	one year	32421	world-line	{"wish 1","wish 2"}
7	user-two	user2@gmail.com		pbkdf2_sha256$720000$zK7ZyFkfiJAgTIUs1FuJtL$FmkHaWh1ST34Wrfih/J6e35JdYak9Fifvz2/d5+TmGk=						\N
\.


--
-- Data for Name: API_students_courses_enrolled; Type: TABLE DATA; Schema: public; Owner: postgres
--

COPY public."API_students_courses_enrolled" (id, students_id, courses_id) FROM stdin;
1	1	3
2	1	2
3	2	3
4	2	2
5	3	3
6	3	2
7	6	3
8	6	15
\.


--
-- Data for Name: auth_group; Type: TABLE DATA; Schema: public; Owner: postgres
--

COPY public.auth_group (id, name) FROM stdin;
\.


--
-- Data for Name: auth_group_permissions; Type: TABLE DATA; Schema: public; Owner: postgres
--

COPY public.auth_group_permissions (id, group_id, permission_id) FROM stdin;
\.


--
-- Data for Name: auth_permission; Type: TABLE DATA; Schema: public; Owner: postgres
--

COPY public.auth_permission (id, name, content_type_id, codename) FROM stdin;
1	Can add courses	1	add_courses
2	Can change courses	1	change_courses
3	Can delete courses	1	delete_courses
4	Can view courses	1	view_courses
5	Can add instructors	2	add_instructors
6	Can change instructors	2	change_instructors
7	Can delete instructors	2	delete_instructors
8	Can view instructors	2	view_instructors
9	Can add students	3	add_students
10	Can change students	3	change_students
11	Can delete students	3	delete_students
12	Can view students	3	view_students
13	Can add log entry	4	add_logentry
14	Can change log entry	4	change_logentry
15	Can delete log entry	4	delete_logentry
16	Can view log entry	4	view_logentry
17	Can add permission	5	add_permission
18	Can change permission	5	change_permission
19	Can delete permission	5	delete_permission
20	Can view permission	5	view_permission
21	Can add group	6	add_group
22	Can change group	6	change_group
23	Can delete group	6	delete_group
24	Can view group	6	view_group
25	Can add user	7	add_user
26	Can change user	7	change_user
27	Can delete user	7	delete_user
28	Can view user	7	view_user
29	Can add content type	8	add_contenttype
30	Can change content type	8	change_contenttype
31	Can delete content type	8	delete_contenttype
32	Can view content type	8	view_contenttype
33	Can add session	9	add_session
34	Can change session	9	change_session
35	Can delete session	9	delete_session
36	Can view session	9	view_session
\.


--
-- Data for Name: auth_user; Type: TABLE DATA; Schema: public; Owner: postgres
--

COPY public.auth_user (id, password, last_login, is_superuser, username, first_name, last_name, email, is_staff, is_active, date_joined) FROM stdin;
2	pbkdf2_sha256$720000$dE6F1AypJifflW4OvIhdLQ$zV4IwZ79MQ33alp8VvMWfGOU/xmmpxWGoTR1xrcDaoA=	\N	f	nigfdk				f	t	2024-02-04 15:18:50.500791+05:30
4	pbkdf2_sha256$720000$DVgK3e0svWRcfRuj8rRGNs$jYjGMEWmqGwhEjcpTMEyveT7ioXmVyXWkSV59FijBuE=	\N	f	nigf423423dk				f	t	2024-02-04 15:52:57.669864+05:30
7	pbkdf2_sha256$720000$Uo9YhnMskar3kMp1c5YFsO$wMgZ/+BBfbatNhTmbgJyPfvCC2VQ3l7qjH4WJErvCr8=	\N	f	23dsa423dk				f	t	2024-02-04 16:10:24.869247+05:30
8	pbkdf2_sha256$720000$xH52OenB0yNw4oN4TJwK9H$VrJEM31+6kYCxjY9mt0Udptab7ggL9guMZm4RY4TIM4=	\N	f	3dk				f	t	2024-02-04 19:25:05.935299+05:30
9	pbkdf2_sha256$720000$gvCq3Yn3p5S9QVcdpy0fcZ$68lk+sisJxwzBQQSmc5eWFIIvVOhqvssfdKTnm/dEts=	\N	f	3dasdk				f	t	2024-02-04 19:35:27.421328+05:30
10	pbkdf2_sha256$720000$DvCNORYURkW6hwbQ6MKKNi$gEvEpVZ9NdDngTmwjarHoZiaQQbftV+dxfaj+h8QB5w=	\N	f	himanshu				f	t	2024-02-04 21:53:09.150668+05:30
11	pbkdf2_sha256$720000$Cwo12vjILGR2dUJSUVZpSJ$EyXz7buJ7scMa+DfClQIUFz5LiVLMrXJ9IU5V0y0lwU=	\N	f	hdsimanshu				f	t	2024-02-04 21:54:23.008179+05:30
12	pbkdf2_sha256$720000$cs8PRDwvONRmOmoSiYISem$2yClaLWa0o3zBGMryQNRFLvntvfJAinSev3Wf6WDKJM=	\N	f	hdsimanshdsu				f	t	2024-02-04 21:56:26.295417+05:30
13	pbkdf2_sha256$720000$iMRpYWJaVgmyxlYDZ4Pzdd$kQMmu6583U/HgF9IZd1cimaJ1PJQ39gZ/Zrd3tONIdA=	\N	f	hdsimanshdsadsu				f	t	2024-02-04 22:41:52.373706+05:30
14	pbkdf2_sha256$720000$753AuD1xUCzimN6HSg85pK$WCr2/H3/6ijraj4EDAVkNK+luLwGNcFnoSSni6TSq/c=	\N	f	hdsimahdsadsu				f	t	2024-02-04 22:42:22.137378+05:30
15	pbkdf2_sha256$720000$E9F9F63yJ68lrxt7toGM2D$/DqWuP7SFPJORazMjULaY4Iq8rgk45vQJko2h+P6RKA=	\N	f	hdsimahdsdsadsu				f	t	2024-02-04 22:51:27.09553+05:30
16	pbkdf2_sha256$720000$YxbSwRnVfhdx7QNLclYWJI$7IWzHuwVTYnodJW+600tPOm1DsfqA1x3igUHaI0yuNA=	\N	f	hdahdsdsadsu				f	t	2024-02-04 22:57:19.847016+05:30
17	pbkdf2_sha256$720000$k79Whw9Bz7qtlI0sQvk5Ry$e2xqwGuHCCDWl3fDBQbNXnJKFod2Lxvdd5LQYinIPCQ=	\N	f	hdahdsddssadsu				f	t	2024-02-04 22:58:52.542382+05:30
18	pbkdf2_sha256$720000$GAMZRiv70weC0heL5qLDwn$AlO69jo9AI09jIkot7ptj8jkxFI4QUgbb9f483b7apY=	\N	f	hdahdsddsddsasadsu				f	t	2024-02-04 22:59:54.242913+05:30
20	pbkdf2_sha256$720000$vnOPT3pGyD1emRgvG8VcFB$EVZ/01U7dbNL5DRGwrwxZpti5aGrFhJPPHf6hhpdvZI=	\N	f	hdahdsddsdddsadsasadsu				f	t	2024-02-04 23:02:13.995036+05:30
21	pbkdf2_sha256$720000$KEAak2kpSBCTXxCdf4Nu5j$KPMgIR0nolf/qEEhPbxP7HEzQef0pvKC3Bc7843/bL0=	\N	f	dsdddsadsasadsu				f	t	2024-02-04 23:04:31.28925+05:30
22	pbkdf2_sha256$720000$f84oEBHI7PvVTMk4vi4hRw$a7yE/A/ycwEhPtBs7cvjv28/+5OQdY4rkQ4dwfvCYnE=	\N	f	dsdddsadsasadsuds				f	t	2024-02-04 23:07:00.261532+05:30
23	pbkdf2_sha256$720000$7JA2Oaqji8QOgL0gLgXiWm$7mYToFUD4tcWyVZmG+VG7rA2X9T5onYPeuatG2SC0Bw=	\N	f	dsdddsadsadsadsasadsuds				f	t	2024-02-04 23:08:32.507892+05:30
24	pbkdf2_sha256$720000$YHSIcqd1i6USadSbzKUUHZ$bM/nOhofdSEl2RuhCvKbqv2j4HYuTdrS6Eq5V+0zb6o=	\N	f	nidsadasdasdaaaaaaak				f	t	2024-02-04 23:36:43.151242+05:30
25	pbkdf2_sha256$720000$WYyuUa5EFwKnXudpUyqsUy$Z/nRDtGHYXx+FenXoAe1yKSdMit6pKBnXCo4v7QNgFk=	\N	f	nidsadasdasdaaadsadsaaaaak				f	t	2024-02-04 23:39:56.289452+05:30
26	pbkdf2_sha256$720000$j7DCbFTNp0q9ipSY4W66Oo$H8tndXFhOa10idjmXaoN52Bv7N0J/pI5HpWBuml9wJ4=	\N	f	nidsadasdasdaaadsadsaasaaaak				f	t	2024-02-04 23:40:59.105037+05:30
27	pbkdf2_sha256$720000$yAvce31b917AgLDo67uZA8$+l9TdVHEWzRXKMPbSUpgrE20+sgcBUwsCIYFF45i+8I=	\N	f	nidsadasdasdaaadsdsadsaasaaaak				f	t	2024-02-04 23:44:40.904542+05:30
28	pbkdf2_sha256$720000$HoxQ1vZseOgNOHLTYIf4tz$EHvpZ40chBiucvjIu/VyoEGBWv8nucCpqFvVOQsp+Zg=	\N	f	nidsafdsfsdfsddasdasdaaadsdsadsaasaaaak				f	t	2024-02-05 01:39:54.346967+05:30
29	pbkdf2_sha256$720000$bFCrWQfclPW9WigPgDIo6F$77wJmcytHT6ePDT6Iu+QEXMpEOSvyr+2q2aN55CISN8=	\N	f	nidsadsfsdfsddasdasdaaadsdsadsaasaaaak				f	t	2024-02-05 01:44:47.469898+05:30
30	pbkdf2_sha256$720000$d7PjmZl8ZnxArNVFF0qilZ$TdP1LBZf8WlOXe94XuepKooHauoJZON8ADl88iJbhII=	\N	f	nidsadsfsdfsddasdasdaaadsdsadsaaak				f	t	2024-02-05 01:46:51.141431+05:30
31	pbkdf2_sha256$720000$CJo04rFUPk22mOgvBebcdR$IVGJHglkb9es81upn+5HaBBi8JD3ILDiyBHb/TpSDFs=	\N	f	nidsadsfsdfsddasdaaadsdsadsaaak				f	t	2024-02-05 01:49:17.300266+05:30
32	pbkdf2_sha256$720000$uXOv1xWf9ClGxivGDv5sKx$k69SxDAG+hhnPx31KnltpBHjxODAJQwV4nY2tzJm/fE=	\N	f	nidsadsfsdfsddasdaaadsdsdsadasadsaaak				f	t	2024-02-05 01:53:18.580052+05:30
33	pbkdf2_sha256$720000$PXqc0ZHikTKO5mXw6xZC2A$0gl9TZ9x463uKyW4ai/S1l18is4fIMLByiQn/6CmV6U=	\N	f	nidsadsfsdfsddasdaaadsdsdsak				f	t	2024-02-05 01:58:58.76883+05:30
35	pbkdf2_sha256$720000$tj1ZV7q5xob9Q2mf4fXNQ1$za7m+PHSrqST+q0IFykWWZTHNVkfXd1bRn34Bq3Kl04=	\N	f	nidsadsfsdfsddasdaaadsdsdsdsdsak				f	t	2024-02-05 02:17:19.767251+05:30
36	pbkdf2_sha256$720000$hmPJOi3XYJA0oV1dpY92Mf$dnsOxjWXnbs/K/i8pPZEl0puzBqyQE4ZLKNXR1QOqx4=	\N	f	nidsadsfsdfsddasdaaadsddsasdsdsdsak				f	t	2024-02-05 02:19:27.260322+05:30
37	pbkdf2_sha256$720000$LodrXL4W5jzRpJc1I680kx$nGl4XrcGGi1KZl2LX6QXesHh9j2M5Se5L4Tnla6wouE=	\N	f	nidsadsfsdfsddasdaaadsddsaddsasdsdsdsak				f	t	2024-02-05 02:20:25.494048+05:30
38	pbkdf2_sha256$720000$50zqEvLhs7DdXNMlnKSa0C$gppFeMY6UJa38i4/01qfkP4XP0Ubs6i2vNUSP+AVjy8=	\N	f	nidsadsfsdfsddasdaadsadasdasdadsddsaddsasdsdsdsak				f	t	2024-02-05 02:22:51.812494+05:30
39	pbkdf2_sha256$720000$yY8xODXCFyqUtlLWZVaJAj$VTN1zmarrPNMglIybHrNSpY/rIQdDTr3JSrmaNKMWOc=	\N	f	asdasdadsddsaddsasdsdsdsak				f	t	2024-02-05 02:27:04.199259+05:30
42	pbkdf2_sha256$720000$3kCRLXVK4yiWpHLanDvkHc$+Oh/5Y6VJoELvo6CWm3IlUP9CGAIqLbSjS0RvAAUPNA=	\N	f	ds				f	t	2024-02-05 02:45:47.780837+05:30
43	pbkdf2_sha256$720000$PTUlhtqelCiQIDvgVrZDgm$lsYtmh/9m0nzypVqiS/oTnZNL3H9ZO62vhlosfM24NM=	\N	f	dsdsaew				f	t	2024-02-05 02:55:06.895587+05:30
44	pbkdf2_sha256$720000$V9MPngxuXFHHrlmsfqS9Mm$iPvJrfHFnr2b0YkBwF/RPGbEZjdjZIbpNzkgXrPdCio=	\N	f	dshgdsaew				f	t	2024-02-05 14:33:14.419415+05:30
46	pbkdf2_sha256$720000$sC2CppHteqbOKu4QSm3GQr$ig3OYIDzj7K9rZzEIrRgtJxdUa2LRunpJ/OJFaqrtko=	\N	f	dshfdsgdsaew				f	t	2024-02-05 14:35:00.453183+05:30
47	pbkdf2_sha256$720000$gbdc5W8AG6JMYSq8DpDpUw$qm753TnFJduZGtsqISF4nY7x7wNqQh5MVEsz/Tqxj3w=	\N	f	dshfdsgdsaeuigufkjw				f	t	2024-02-05 14:37:28.414456+05:30
49	pbkdf2_sha256$720000$cvbyxgHSqAor7j6cmtWk6Y$lp/WWHm8rSWn3ih91HqDJ6s6SbgcxTd3c5+Ym+n7JJ0=	\N	f	dshfdsaeuigufkjw				f	t	2024-02-05 14:41:31.834214+05:30
50	pbkdf2_sha256$720000$jxWxZAkTZGuz2e29CVLDQN$HR0vGPPtolWejZYuZllgfDOZo5Q7tyiStbrdDa4Tkbk=	\N	f	dshoidsaeuigufkjw				f	t	2024-02-05 14:45:14.277399+05:30
51	pbkdf2_sha256$720000$uUg8C230uybb92jXOYijVK$+Kk41tY8hKnpM3UiMqJMKq8g29sMyTETHV/5zUOfUtU=	\N	f	dshoidoiuigufkjw				f	t	2024-02-05 15:39:06.715576+05:30
52	pbkdf2_sha256$720000$siRYZ6iv2KNywYmWvNM7so$mjJ1d54FneX3APIgpBpt8BtsHwRyDVrj+9LvP0m1vNA=	\N	f	dshiooidoiuigufkjw				f	t	2024-02-05 21:20:39.636038+05:30
53	pbkdf2_sha256$720000$hLlShzAmJT7F8rEDUzwH6X$qN0/++Js8LKIRdXB6KqXpKOw53PnWCiKZTCHv49zK2s=	\N	f	dshiooidoiuigufw				f	t	2024-02-05 21:31:22.684709+05:30
54	pbkdf2_sha256$720000$7FovMaS4xhoawBo6fGu7oe$eauL4pCJxarxVgwBOp5iYfUveNnLOuB2q8Ki11c+IuI=	\N	f	dshiooidoiutrigufw				f	t	2024-02-05 21:37:58.845722+05:30
1	pbkdf2_sha256$720000$rUcsP499Rm4FDbEZ6K8fSC$MmS90EJtZO3R8fuqIos3cgdUN7mSL9CdWqB8uXDtJHs=	2024-02-07 21:12:14.983301+05:30	t	nik				t	t	2024-01-29 21:50:26.18641+05:30
55	pbkdf2_sha256$720000$FvynGmwcyitinuDcjPG6lt$+axTowohzvaLf6tSnskijuAMfvhRVg5ueXpYB3myW3k=	\N	f	dshiooidoiudfsfsdtrigufw				f	t	2024-02-05 22:07:01.43058+05:30
57	pbkdf2_sha256$720000$kQ6cCNzrRGYzPAUpMazTK7$0j56ftdRclUjs0sMCoYc22O3Dac2wg+ZTc8cV8udQ7o=	\N	f	dshiooidoiudfsfyuisdtrigufw				f	t	2024-02-05 22:08:03.332381+05:30
58	pbkdf2_sha256$720000$IltDFaPCaZ3IF9P8Bi3Hwq$ikYF2b/VmeFeAJpYNHmldYlN35t6gmPBOobqQsifwFM=	\N	f	dshiooidoiudfsfyuisdgufw				f	t	2024-02-05 22:08:45.247407+05:30
59	pbkdf2_sha256$720000$jYgRcfl4tau3Fp14hgYizC$S3Q8PM+zOV3z0FwaOBvgJ/yXcOk1cyT/9AJyazc67sc=	\N	f	dshiooidoiudfsfyuisdw				f	t	2024-02-05 22:09:34.324587+05:30
60	pbkdf2_sha256$720000$OgR8lNGD9Hb49ctzGCS9O1$g6OYpZOYSKuDie1lRQ6S9qsdff3gS4OcaphIDKPDZWw=	\N	f	dshiooidoiudfyuisdw				f	t	2024-02-05 22:11:38.97313+05:30
61	pbkdf2_sha256$720000$BiBfH3CUgDnV6pUyr3LC3l$oAkTdYm2VSwwKqsPXx1AHBWiCkcVqe7wt+B5yPdTtP0=	\N	f	dshiooidoiudfyuidsaadssdw				f	t	2024-02-05 22:39:21.922148+05:30
62	pbkdf2_sha256$720000$3Fa1sP4y4H1iASu7NTyjXW$fo37ASLz7jx4j0OcoUbE8WzHRrf5SGM2hS9bokHQxH8=	\N	f	dfdshiooidoiudfyuidsaadssdw				f	t	2024-02-05 23:18:40.745005+05:30
63	pbkdf2_sha256$720000$vzJCC6eJG8CTn5jT766Kkx$zHmt+PsBJHcULHY8zmU8JKh0i4oNppTCTZxklSUZEfA=	\N	f	dfdshiooidoiudfyuidsaaddsassdw				f	t	2024-02-05 23:21:36.112911+05:30
64	pbkdf2_sha256$720000$9F4yNsXGwJNTiXwwagZPEu$wwt9NZEogspfDS3owp1iklTzkddk9FxQNk2EmJw+TnE=	\N	f	dfdshiooidoiudaaddsassdw				f	t	2024-02-06 00:36:26.254542+05:30
\.


--
-- Data for Name: auth_user_groups; Type: TABLE DATA; Schema: public; Owner: postgres
--

COPY public.auth_user_groups (id, user_id, group_id) FROM stdin;
\.


--
-- Data for Name: auth_user_user_permissions; Type: TABLE DATA; Schema: public; Owner: postgres
--

COPY public.auth_user_user_permissions (id, user_id, permission_id) FROM stdin;
\.


--
-- Data for Name: django_admin_log; Type: TABLE DATA; Schema: public; Owner: postgres
--

COPY public.django_admin_log (id, action_time, object_id, object_repr, action_flag, change_message, content_type_id, user_id) FROM stdin;
1	2024-02-07 21:13:34.475352+05:30	4	dsad324	1	[{"added": {}}]	2	1
2	2024-02-10 14:44:35.841128+05:30	12	Amitabh23	3		2	1
3	2024-02-10 14:44:41.743557+05:30	11	Amitabh23	3		2	1
4	2024-02-10 14:44:46.222819+05:30	10	Amitabh23	3		2	1
5	2024-02-10 14:44:50.071423+05:30	9	Amitabh23	3		2	1
6	2024-02-10 14:44:54.282343+05:30	8	Amitabh23	3		2	1
7	2024-02-10 14:44:58.149621+05:30	7	Amitabh23	3		2	1
8	2024-02-10 14:45:02.303029+05:30	6	Amitabh23	3		2	1
9	2024-02-10 14:45:06.103355+05:30	5	Amitabh	3		2	1
10	2024-02-10 14:45:15.600227+05:30	3	select * from table;	3		2	1
11	2024-02-10 14:45:23.321518+05:30	1	Amitabh	3		2	1
12	2024-02-17 13:06:17.643196+05:30	5	nikunjds	3		3	1
13	2024-02-17 13:07:40.865719+05:30	5	23423dk	3		7	1
\.


--
-- Data for Name: django_content_type; Type: TABLE DATA; Schema: public; Owner: postgres
--

COPY public.django_content_type (id, app_label, model) FROM stdin;
1	API	courses
2	API	instructors
3	API	students
4	admin	logentry
5	auth	permission
6	auth	group
7	auth	user
8	contenttypes	contenttype
9	sessions	session
\.


--
-- Data for Name: django_migrations; Type: TABLE DATA; Schema: public; Owner: postgres
--

COPY public.django_migrations (id, app, name, applied) FROM stdin;
1	API	0001_initial	2024-01-29 21:50:00.570356+05:30
2	contenttypes	0001_initial	2024-01-29 21:50:00.591606+05:30
3	auth	0001_initial	2024-01-29 21:50:00.762562+05:30
4	admin	0001_initial	2024-01-29 21:50:00.812408+05:30
5	admin	0002_logentry_remove_auto_add	2024-01-29 21:50:00.825684+05:30
6	admin	0003_logentry_add_action_flag_choices	2024-01-29 21:50:00.838861+05:30
7	contenttypes	0002_remove_content_type_name	2024-01-29 21:50:00.874307+05:30
8	auth	0002_alter_permission_name_max_length	2024-01-29 21:50:00.888776+05:30
9	auth	0003_alter_user_email_max_length	2024-01-29 21:50:00.902776+05:30
10	auth	0004_alter_user_username_opts	2024-01-29 21:50:00.914947+05:30
11	auth	0005_alter_user_last_login_null	2024-01-29 21:50:00.929657+05:30
12	auth	0006_require_contenttypes_0002	2024-01-29 21:50:00.932653+05:30
13	auth	0007_alter_validators_add_error_messages	2024-01-29 21:50:00.943905+05:30
14	auth	0008_alter_user_username_max_length	2024-01-29 21:50:00.967365+05:30
15	auth	0009_alter_user_last_name_max_length	2024-01-29 21:50:00.982902+05:30
16	auth	0010_alter_group_name_max_length	2024-01-29 21:50:00.999097+05:30
17	auth	0011_update_proxy_permissions	2024-01-29 21:50:01.019898+05:30
18	auth	0012_alter_user_first_name_max_length	2024-01-29 21:50:01.035785+05:30
19	sessions	0001_initial	2024-01-29 21:50:01.073063+05:30
20	API	0002_alter_students_password	2024-01-31 12:22:11.067114+05:30
21	API	0003_alter_students_billinginfo_and_more	2024-02-06 16:19:36.036149+05:30
22	API	0004_alter_students_wishlist	2024-02-06 16:22:38.399614+05:30
23	API	0005_alter_students_wishlist	2024-02-06 16:23:24.051671+05:30
24	API	0006_alter_instructors_address_alter_instructors_country_and_more	2024-02-06 20:55:11.185918+05:30
25	API	0007_alter_instructors_password	2024-02-07 21:20:38.473454+05:30
26	API	0008_courses_course_video_courses_instructor_id	2024-02-10 14:30:17.756201+05:30
\.


--
-- Data for Name: django_session; Type: TABLE DATA; Schema: public; Owner: postgres
--

COPY public.django_session (session_key, session_data, expire_date) FROM stdin;
hv8wxuq0i0e1kvk0wksb3dqhzevbl9cf	.eJxVjDkOwjAUBe_iGln5eElCSc8ZLPsvOIBsKU4qxN1JpBTQvpk3bxXiuuSwNp7DROqiQJ1-txTxyWUH9IjlXjXWssxT0ruiD9r0rRK_rof7F8ix5e2NwqYj9nFAMSgdAY1IDGylZ4giOG4xoN6gT86frRMCx-AGcgLWq88XOYk5gg:1rXk3y:cOVJMAVb0QMOX_UuiRjfPjHDtzhOoSMBuBd95btMGAM	2024-02-21 21:12:14.98926+05:30
\.


--
-- Name: API_courses_id_seq; Type: SEQUENCE SET; Schema: public; Owner: postgres
--

SELECT pg_catalog.setval('public."API_courses_id_seq"', 15, true);


--
-- Name: API_instructors_courses_taught_id_seq; Type: SEQUENCE SET; Schema: public; Owner: postgres
--

SELECT pg_catalog.setval('public."API_instructors_courses_taught_id_seq"', 11, true);


--
-- Name: API_instructors_id_seq; Type: SEQUENCE SET; Schema: public; Owner: postgres
--

SELECT pg_catalog.setval('public."API_instructors_id_seq"', 14, true);


--
-- Name: API_students_courses_enrolled_id_seq; Type: SEQUENCE SET; Schema: public; Owner: postgres
--

SELECT pg_catalog.setval('public."API_students_courses_enrolled_id_seq"', 8, true);


--
-- Name: API_students_id_seq; Type: SEQUENCE SET; Schema: public; Owner: postgres
--

SELECT pg_catalog.setval('public."API_students_id_seq"', 7, true);


--
-- Name: auth_group_id_seq; Type: SEQUENCE SET; Schema: public; Owner: postgres
--

SELECT pg_catalog.setval('public.auth_group_id_seq', 1, false);


--
-- Name: auth_group_permissions_id_seq; Type: SEQUENCE SET; Schema: public; Owner: postgres
--

SELECT pg_catalog.setval('public.auth_group_permissions_id_seq', 1, false);


--
-- Name: auth_permission_id_seq; Type: SEQUENCE SET; Schema: public; Owner: postgres
--

SELECT pg_catalog.setval('public.auth_permission_id_seq', 36, true);


--
-- Name: auth_user_groups_id_seq; Type: SEQUENCE SET; Schema: public; Owner: postgres
--

SELECT pg_catalog.setval('public.auth_user_groups_id_seq', 1, false);


--
-- Name: auth_user_id_seq; Type: SEQUENCE SET; Schema: public; Owner: postgres
--

SELECT pg_catalog.setval('public.auth_user_id_seq', 64, true);


--
-- Name: auth_user_user_permissions_id_seq; Type: SEQUENCE SET; Schema: public; Owner: postgres
--

SELECT pg_catalog.setval('public.auth_user_user_permissions_id_seq', 1, false);


--
-- Name: django_admin_log_id_seq; Type: SEQUENCE SET; Schema: public; Owner: postgres
--

SELECT pg_catalog.setval('public.django_admin_log_id_seq', 13, true);


--
-- Name: django_content_type_id_seq; Type: SEQUENCE SET; Schema: public; Owner: postgres
--

SELECT pg_catalog.setval('public.django_content_type_id_seq', 9, true);


--
-- Name: django_migrations_id_seq; Type: SEQUENCE SET; Schema: public; Owner: postgres
--

SELECT pg_catalog.setval('public.django_migrations_id_seq', 26, true);


--
-- Name: API_courses API_courses_pkey; Type: CONSTRAINT; Schema: public; Owner: postgres
--

ALTER TABLE ONLY public."API_courses"
    ADD CONSTRAINT "API_courses_pkey" PRIMARY KEY (id);


--
-- Name: API_instructors_courses_taught API_instructors_courses__instructors_id_courses_i_f6387ab5_uniq; Type: CONSTRAINT; Schema: public; Owner: postgres
--

ALTER TABLE ONLY public."API_instructors_courses_taught"
    ADD CONSTRAINT "API_instructors_courses__instructors_id_courses_i_f6387ab5_uniq" UNIQUE (instructors_id, courses_id);


--
-- Name: API_instructors_courses_taught API_instructors_courses_taught_pkey; Type: CONSTRAINT; Schema: public; Owner: postgres
--

ALTER TABLE ONLY public."API_instructors_courses_taught"
    ADD CONSTRAINT "API_instructors_courses_taught_pkey" PRIMARY KEY (id);


--
-- Name: API_instructors API_instructors_pkey; Type: CONSTRAINT; Schema: public; Owner: postgres
--

ALTER TABLE ONLY public."API_instructors"
    ADD CONSTRAINT "API_instructors_pkey" PRIMARY KEY (id);


--
-- Name: API_students_courses_enrolled API_students_courses_enr_students_id_courses_id_085ea077_uniq; Type: CONSTRAINT; Schema: public; Owner: postgres
--

ALTER TABLE ONLY public."API_students_courses_enrolled"
    ADD CONSTRAINT "API_students_courses_enr_students_id_courses_id_085ea077_uniq" UNIQUE (students_id, courses_id);


--
-- Name: API_students_courses_enrolled API_students_courses_enrolled_pkey; Type: CONSTRAINT; Schema: public; Owner: postgres
--

ALTER TABLE ONLY public."API_students_courses_enrolled"
    ADD CONSTRAINT "API_students_courses_enrolled_pkey" PRIMARY KEY (id);


--
-- Name: API_students API_students_pkey; Type: CONSTRAINT; Schema: public; Owner: postgres
--

ALTER TABLE ONLY public."API_students"
    ADD CONSTRAINT "API_students_pkey" PRIMARY KEY (id);


--
-- Name: auth_group auth_group_name_key; Type: CONSTRAINT; Schema: public; Owner: postgres
--

ALTER TABLE ONLY public.auth_group
    ADD CONSTRAINT auth_group_name_key UNIQUE (name);


--
-- Name: auth_group_permissions auth_group_permissions_group_id_permission_id_0cd325b0_uniq; Type: CONSTRAINT; Schema: public; Owner: postgres
--

ALTER TABLE ONLY public.auth_group_permissions
    ADD CONSTRAINT auth_group_permissions_group_id_permission_id_0cd325b0_uniq UNIQUE (group_id, permission_id);


--
-- Name: auth_group_permissions auth_group_permissions_pkey; Type: CONSTRAINT; Schema: public; Owner: postgres
--

ALTER TABLE ONLY public.auth_group_permissions
    ADD CONSTRAINT auth_group_permissions_pkey PRIMARY KEY (id);


--
-- Name: auth_group auth_group_pkey; Type: CONSTRAINT; Schema: public; Owner: postgres
--

ALTER TABLE ONLY public.auth_group
    ADD CONSTRAINT auth_group_pkey PRIMARY KEY (id);


--
-- Name: auth_permission auth_permission_content_type_id_codename_01ab375a_uniq; Type: CONSTRAINT; Schema: public; Owner: postgres
--

ALTER TABLE ONLY public.auth_permission
    ADD CONSTRAINT auth_permission_content_type_id_codename_01ab375a_uniq UNIQUE (content_type_id, codename);


--
-- Name: auth_permission auth_permission_pkey; Type: CONSTRAINT; Schema: public; Owner: postgres
--

ALTER TABLE ONLY public.auth_permission
    ADD CONSTRAINT auth_permission_pkey PRIMARY KEY (id);


--
-- Name: auth_user_groups auth_user_groups_pkey; Type: CONSTRAINT; Schema: public; Owner: postgres
--

ALTER TABLE ONLY public.auth_user_groups
    ADD CONSTRAINT auth_user_groups_pkey PRIMARY KEY (id);


--
-- Name: auth_user_groups auth_user_groups_user_id_group_id_94350c0c_uniq; Type: CONSTRAINT; Schema: public; Owner: postgres
--

ALTER TABLE ONLY public.auth_user_groups
    ADD CONSTRAINT auth_user_groups_user_id_group_id_94350c0c_uniq UNIQUE (user_id, group_id);


--
-- Name: auth_user auth_user_pkey; Type: CONSTRAINT; Schema: public; Owner: postgres
--

ALTER TABLE ONLY public.auth_user
    ADD CONSTRAINT auth_user_pkey PRIMARY KEY (id);


--
-- Name: auth_user_user_permissions auth_user_user_permissions_pkey; Type: CONSTRAINT; Schema: public; Owner: postgres
--

ALTER TABLE ONLY public.auth_user_user_permissions
    ADD CONSTRAINT auth_user_user_permissions_pkey PRIMARY KEY (id);


--
-- Name: auth_user_user_permissions auth_user_user_permissions_user_id_permission_id_14a6b632_uniq; Type: CONSTRAINT; Schema: public; Owner: postgres
--

ALTER TABLE ONLY public.auth_user_user_permissions
    ADD CONSTRAINT auth_user_user_permissions_user_id_permission_id_14a6b632_uniq UNIQUE (user_id, permission_id);


--
-- Name: auth_user auth_user_username_key; Type: CONSTRAINT; Schema: public; Owner: postgres
--

ALTER TABLE ONLY public.auth_user
    ADD CONSTRAINT auth_user_username_key UNIQUE (username);


--
-- Name: django_admin_log django_admin_log_pkey; Type: CONSTRAINT; Schema: public; Owner: postgres
--

ALTER TABLE ONLY public.django_admin_log
    ADD CONSTRAINT django_admin_log_pkey PRIMARY KEY (id);


--
-- Name: django_content_type django_content_type_app_label_model_76bd3d3b_uniq; Type: CONSTRAINT; Schema: public; Owner: postgres
--

ALTER TABLE ONLY public.django_content_type
    ADD CONSTRAINT django_content_type_app_label_model_76bd3d3b_uniq UNIQUE (app_label, model);


--
-- Name: django_content_type django_content_type_pkey; Type: CONSTRAINT; Schema: public; Owner: postgres
--

ALTER TABLE ONLY public.django_content_type
    ADD CONSTRAINT django_content_type_pkey PRIMARY KEY (id);


--
-- Name: django_migrations django_migrations_pkey; Type: CONSTRAINT; Schema: public; Owner: postgres
--

ALTER TABLE ONLY public.django_migrations
    ADD CONSTRAINT django_migrations_pkey PRIMARY KEY (id);


--
-- Name: django_session django_session_pkey; Type: CONSTRAINT; Schema: public; Owner: postgres
--

ALTER TABLE ONLY public.django_session
    ADD CONSTRAINT django_session_pkey PRIMARY KEY (session_key);


--
-- Name: API_instructors_courses_taught_courses_id_57640d87; Type: INDEX; Schema: public; Owner: postgres
--

CREATE INDEX "API_instructors_courses_taught_courses_id_57640d87" ON public."API_instructors_courses_taught" USING btree (courses_id);


--
-- Name: API_instructors_courses_taught_instructors_id_74006668; Type: INDEX; Schema: public; Owner: postgres
--

CREATE INDEX "API_instructors_courses_taught_instructors_id_74006668" ON public."API_instructors_courses_taught" USING btree (instructors_id);


--
-- Name: API_students_courses_enrolled_courses_id_f43c9150; Type: INDEX; Schema: public; Owner: postgres
--

CREATE INDEX "API_students_courses_enrolled_courses_id_f43c9150" ON public."API_students_courses_enrolled" USING btree (courses_id);


--
-- Name: API_students_courses_enrolled_students_id_89f4c69f; Type: INDEX; Schema: public; Owner: postgres
--

CREATE INDEX "API_students_courses_enrolled_students_id_89f4c69f" ON public."API_students_courses_enrolled" USING btree (students_id);


--
-- Name: auth_group_name_a6ea08ec_like; Type: INDEX; Schema: public; Owner: postgres
--

CREATE INDEX auth_group_name_a6ea08ec_like ON public.auth_group USING btree (name varchar_pattern_ops);


--
-- Name: auth_group_permissions_group_id_b120cbf9; Type: INDEX; Schema: public; Owner: postgres
--

CREATE INDEX auth_group_permissions_group_id_b120cbf9 ON public.auth_group_permissions USING btree (group_id);


--
-- Name: auth_group_permissions_permission_id_84c5c92e; Type: INDEX; Schema: public; Owner: postgres
--

CREATE INDEX auth_group_permissions_permission_id_84c5c92e ON public.auth_group_permissions USING btree (permission_id);


--
-- Name: auth_permission_content_type_id_2f476e4b; Type: INDEX; Schema: public; Owner: postgres
--

CREATE INDEX auth_permission_content_type_id_2f476e4b ON public.auth_permission USING btree (content_type_id);


--
-- Name: auth_user_groups_group_id_97559544; Type: INDEX; Schema: public; Owner: postgres
--

CREATE INDEX auth_user_groups_group_id_97559544 ON public.auth_user_groups USING btree (group_id);


--
-- Name: auth_user_groups_user_id_6a12ed8b; Type: INDEX; Schema: public; Owner: postgres
--

CREATE INDEX auth_user_groups_user_id_6a12ed8b ON public.auth_user_groups USING btree (user_id);


--
-- Name: auth_user_user_permissions_permission_id_1fbb5f2c; Type: INDEX; Schema: public; Owner: postgres
--

CREATE INDEX auth_user_user_permissions_permission_id_1fbb5f2c ON public.auth_user_user_permissions USING btree (permission_id);


--
-- Name: auth_user_user_permissions_user_id_a95ead1b; Type: INDEX; Schema: public; Owner: postgres
--

CREATE INDEX auth_user_user_permissions_user_id_a95ead1b ON public.auth_user_user_permissions USING btree (user_id);


--
-- Name: auth_user_username_6821ab7c_like; Type: INDEX; Schema: public; Owner: postgres
--

CREATE INDEX auth_user_username_6821ab7c_like ON public.auth_user USING btree (username varchar_pattern_ops);


--
-- Name: django_admin_log_content_type_id_c4bce8eb; Type: INDEX; Schema: public; Owner: postgres
--

CREATE INDEX django_admin_log_content_type_id_c4bce8eb ON public.django_admin_log USING btree (content_type_id);


--
-- Name: django_admin_log_user_id_c564eba6; Type: INDEX; Schema: public; Owner: postgres
--

CREATE INDEX django_admin_log_user_id_c564eba6 ON public.django_admin_log USING btree (user_id);


--
-- Name: django_session_expire_date_a5c62663; Type: INDEX; Schema: public; Owner: postgres
--

CREATE INDEX django_session_expire_date_a5c62663 ON public.django_session USING btree (expire_date);


--
-- Name: django_session_session_key_c0390e0f_like; Type: INDEX; Schema: public; Owner: postgres
--

CREATE INDEX django_session_session_key_c0390e0f_like ON public.django_session USING btree (session_key varchar_pattern_ops);


--
-- Name: API_instructors_courses_taught API_instructors_cour_courses_id_57640d87_fk_API_cours; Type: FK CONSTRAINT; Schema: public; Owner: postgres
--

ALTER TABLE ONLY public."API_instructors_courses_taught"
    ADD CONSTRAINT "API_instructors_cour_courses_id_57640d87_fk_API_cours" FOREIGN KEY (courses_id) REFERENCES public."API_courses"(id) DEFERRABLE INITIALLY DEFERRED;


--
-- Name: API_instructors_courses_taught API_instructors_cour_instructors_id_74006668_fk_API_instr; Type: FK CONSTRAINT; Schema: public; Owner: postgres
--

ALTER TABLE ONLY public."API_instructors_courses_taught"
    ADD CONSTRAINT "API_instructors_cour_instructors_id_74006668_fk_API_instr" FOREIGN KEY (instructors_id) REFERENCES public."API_instructors"(id) DEFERRABLE INITIALLY DEFERRED;


--
-- Name: API_students_courses_enrolled API_students_courses_courses_id_f43c9150_fk_API_cours; Type: FK CONSTRAINT; Schema: public; Owner: postgres
--

ALTER TABLE ONLY public."API_students_courses_enrolled"
    ADD CONSTRAINT "API_students_courses_courses_id_f43c9150_fk_API_cours" FOREIGN KEY (courses_id) REFERENCES public."API_courses"(id) DEFERRABLE INITIALLY DEFERRED;


--
-- Name: API_students_courses_enrolled API_students_courses_students_id_89f4c69f_fk_API_stude; Type: FK CONSTRAINT; Schema: public; Owner: postgres
--

ALTER TABLE ONLY public."API_students_courses_enrolled"
    ADD CONSTRAINT "API_students_courses_students_id_89f4c69f_fk_API_stude" FOREIGN KEY (students_id) REFERENCES public."API_students"(id) DEFERRABLE INITIALLY DEFERRED;


--
-- Name: auth_group_permissions auth_group_permissio_permission_id_84c5c92e_fk_auth_perm; Type: FK CONSTRAINT; Schema: public; Owner: postgres
--

ALTER TABLE ONLY public.auth_group_permissions
    ADD CONSTRAINT auth_group_permissio_permission_id_84c5c92e_fk_auth_perm FOREIGN KEY (permission_id) REFERENCES public.auth_permission(id) DEFERRABLE INITIALLY DEFERRED;


--
-- Name: auth_group_permissions auth_group_permissions_group_id_b120cbf9_fk_auth_group_id; Type: FK CONSTRAINT; Schema: public; Owner: postgres
--

ALTER TABLE ONLY public.auth_group_permissions
    ADD CONSTRAINT auth_group_permissions_group_id_b120cbf9_fk_auth_group_id FOREIGN KEY (group_id) REFERENCES public.auth_group(id) DEFERRABLE INITIALLY DEFERRED;


--
-- Name: auth_permission auth_permission_content_type_id_2f476e4b_fk_django_co; Type: FK CONSTRAINT; Schema: public; Owner: postgres
--

ALTER TABLE ONLY public.auth_permission
    ADD CONSTRAINT auth_permission_content_type_id_2f476e4b_fk_django_co FOREIGN KEY (content_type_id) REFERENCES public.django_content_type(id) DEFERRABLE INITIALLY DEFERRED;


--
-- Name: auth_user_groups auth_user_groups_group_id_97559544_fk_auth_group_id; Type: FK CONSTRAINT; Schema: public; Owner: postgres
--

ALTER TABLE ONLY public.auth_user_groups
    ADD CONSTRAINT auth_user_groups_group_id_97559544_fk_auth_group_id FOREIGN KEY (group_id) REFERENCES public.auth_group(id) DEFERRABLE INITIALLY DEFERRED;


--
-- Name: auth_user_groups auth_user_groups_user_id_6a12ed8b_fk_auth_user_id; Type: FK CONSTRAINT; Schema: public; Owner: postgres
--

ALTER TABLE ONLY public.auth_user_groups
    ADD CONSTRAINT auth_user_groups_user_id_6a12ed8b_fk_auth_user_id FOREIGN KEY (user_id) REFERENCES public.auth_user(id) DEFERRABLE INITIALLY DEFERRED;


--
-- Name: auth_user_user_permissions auth_user_user_permi_permission_id_1fbb5f2c_fk_auth_perm; Type: FK CONSTRAINT; Schema: public; Owner: postgres
--

ALTER TABLE ONLY public.auth_user_user_permissions
    ADD CONSTRAINT auth_user_user_permi_permission_id_1fbb5f2c_fk_auth_perm FOREIGN KEY (permission_id) REFERENCES public.auth_permission(id) DEFERRABLE INITIALLY DEFERRED;


--
-- Name: auth_user_user_permissions auth_user_user_permissions_user_id_a95ead1b_fk_auth_user_id; Type: FK CONSTRAINT; Schema: public; Owner: postgres
--

ALTER TABLE ONLY public.auth_user_user_permissions
    ADD CONSTRAINT auth_user_user_permissions_user_id_a95ead1b_fk_auth_user_id FOREIGN KEY (user_id) REFERENCES public.auth_user(id) DEFERRABLE INITIALLY DEFERRED;


--
-- Name: django_admin_log django_admin_log_content_type_id_c4bce8eb_fk_django_co; Type: FK CONSTRAINT; Schema: public; Owner: postgres
--

ALTER TABLE ONLY public.django_admin_log
    ADD CONSTRAINT django_admin_log_content_type_id_c4bce8eb_fk_django_co FOREIGN KEY (content_type_id) REFERENCES public.django_content_type(id) DEFERRABLE INITIALLY DEFERRED;


--
-- Name: django_admin_log django_admin_log_user_id_c564eba6_fk_auth_user_id; Type: FK CONSTRAINT; Schema: public; Owner: postgres
--

ALTER TABLE ONLY public.django_admin_log
    ADD CONSTRAINT django_admin_log_user_id_c564eba6_fk_auth_user_id FOREIGN KEY (user_id) REFERENCES public.auth_user(id) DEFERRABLE INITIALLY DEFERRED;


--
-- PostgreSQL database dump complete
--

